Date,product_code,customer_code,Qty,net_sales_amount,freight_cost,manufacturing_cost
01/09/2018,A0418150108,90023030,16,163.98,4.0503,85.4272
01/09/2018,A0418150108,90010046,-3,24.53,0.7408,16.0176
01/09/2018,A0418150108,90023023,31,308.08,7.6096,165.5152
01/09/2018,A0418150108,90012041,18,155.88,4.5517,96.1056
01/09/2018,A0418150108,90014141,2,18.12,0.5055,10.6784
01/09/2018,A0418150108,90005162,7,69.36,1.7409,37.3744
01/09/2018,A0418150108,90017059,-4,38.98,1.2435,21.3568
01/09/2018,A0418150108,90007197,51,602.05,15.0512,272.2992
01/09/2018,A0418150108,90021095,8,78.74,1.8189,42.7136
01/09/2018,A0418150108,90022081,13,115.68,3.4935,69.4096
01/09/2018,A0418150108,90022082,29,252.01,7.6107,154.8368
01/09/2018,A3019150205,90023030,111,641.68,15.8495,331.557
01/09/2018,A3019150205,90023023,132,698.85,17.2616,394.284
01/09/2018,A3019150205,90012041,59,289.6,8.4563,176.233
01/09/2018,A3019150205,90014141,4,19.95,0.5566,11.948
01/09/2018,A3019150205,90005162,8,41.78,1.0487,23.896
01/09/2018,A3019150205,90017059,19,95.54,3.0477,56.753
01/09/2018,A3019150205,90007197,286,1758.71,43.9678,854.282
01/09/2018,A3019150205,90019203,1,4.51,0.161,2.987
01/09/2018,A3019150205,90021095,28,145.87,3.3696,83.636
01/09/2018,A3019150205,90022081,69,331.02,9.9968,206.103
01/09/2018,A3019150205,90022082,222,926.89,27.9921,663.114
01/09/2018,A3019150205,90010046,32,125.37,3.7862,95.584
01/09/2018,A3018150201,90023030,37,193.86,4.7883,109.1167
01/09/2018,A3018150201,90023023,69,406.62,10.0435,203.4879
01/09/2018,A3018150201,90012041,59,260.48,7.606,173.9969
01/09/2018,A3018150201,90014141,8,41.02,1.1445,23.5928
01/09/2018,A3018150201,90005162,18,94.68,2.3765,53.0838
01/09/2018,A3018150201,90017059,5,27.54,0.8785,14.7455
01/09/2018,A3018150201,90007197,219,1357.87,33.9468,645.8529
01/09/2018,A3018150201,90019203,3,13.54,0.4834,8.8473
01/09/2018,A3018150201,90021095,48,267.09,6.1698,141.5568
01/09/2018,A3018150201,90022081,327,1647.41,49.7518,964.3557
01/09/2018,A3018150201,90022082,145,651.82,19.685,427.6195
01/09/2018,A3018150201,90010046,15,59,1.7818,44.2365
01/09/2018,A3019150204,90023030,110,610.96,15.0907,324.786
01/09/2018,A3019150204,90023023,101,555.06,13.71,298.2126
01/09/2018,A3019150204,90012041,46,195.11,5.6972,135.8196
01/09/2018,A3019150204,90014141,3,14.06,0.3923,8.8578
01/09/2018,A3019150204,90005162,16,84.3,2.1159,47.2416
01/09/2018,A3019150204,90017059,14,70.76,2.2572,41.3364
01/09/2018,A3019150204,90007197,122,741.28,18.532,360.2172
01/09/2018,A3019150204,90019203,2,9.67,0.3452,5.9052
01/09/2018,A3019150204,90021095,57,284.01,6.5606,168.2982
01/09/2018,A3019150204,90022081,254,1085.55,32.7836,749.9604
01/09/2018,A3019150204,90022082,82,380.07,11.4781,242.1132
01/09/2018,A3019150204,90010046,20,81.85,2.4719,59.052
01/09/2018,A3019150206,90023030,46,288.49,7.1257,158.4516
01/09/2018,A3019150206,90023023,49,332.65,8.2165,168.7854
01/09/2018,A3019150206,90012041,69,380.15,11.1004,237.6774
01/09/2018,A3019150206,90014141,6,36.1,1.0072,20.6676
01/09/2018,A3019150206,90005162,11,68.74,1.7254,37.8906
01/09/2018,A3019150206,90017059,19,111.07,3.5431,65.4474
01/09/2018,A3019150206,90007197,240,1728.45,43.2112,826.704
01/09/2018,A3019150206,90019203,1,5.51,0.1967,3.4446
01/09/2018,A3019150206,90021095,55,340.1,7.8563,189.453
01/09/2018,A3019150206,90022081,53,278.72,8.4173,182.5638
01/09/2018,A3019150206,90022082,180,1065.93,32.1911,620.028
01/09/2018,A3019150206,90010046,8,35.8,1.0812,27.5568
01/09/2018,A3018150202,90023030,81,375.96,9.2862,214.8201
01/09/2018,A3018150202,90023023,87,380.85,9.407,230.7327
01/09/2018,A3018150202,90012041,18,66.38,1.9383,47.7378
01/09/2018,A3018150202,90014141,2,8.96,0.25,5.3042
01/09/2018,A3018150202,90005162,38,170.93,4.2903,100.7798
01/09/2018,A3018150202,90017059,14,61.12,1.9497,37.1294
01/09/2018,A3018150202,90007197,253,1341.41,33.5352,670.9813
01/09/2018,A3018150202,90021095,31,124.18,2.8686,82.2151
01/09/2018,A3018150202,90022081,90,391.9,11.8354,238.689
01/09/2018,A3018150202,90022082,56,217,6.5534,148.5176
01/09/2018,A3018150202,90010046,30,95.37,2.8802,79.563
01/09/2018,A3120150305,90023030,87,702.79,17.3589,375.0309
01/09/2018,A3120150305,90023023,57,470.28,11.6159,245.7099
01/09/2018,A3120150305,90012041,21,152.33,4.448,90.5247
01/09/2018,A3120150305,90014141,8,60.57,1.6899,34.4856
01/09/2018,A3120150305,90005162,21,154.37,3.8747,90.5247
01/09/2018,A3120150305,90017059,25,189.86,6.0565,107.7675
01/09/2018,A3120150305,90007197,288,2551.4,63.785,1241.4816
01/09/2018,A3120150305,90019203,4,29.14,1.0403,17.2428
01/09/2018,A3120150305,90021095,31,230.23,5.3183,133.6317
01/09/2018,A3120150305,90022081,112,778.97,23.5249,482.7984
01/09/2018,A3120150305,90022082,92,593.84,17.934,396.5844
01/09/2018,A3120150305,90010046,35,217.68,6.5739,150.8745
01/09/2018,A3120150306,90023030,31,237.64,5.8697,141.8529
01/09/2018,A3120150306,90023023,160,1374.29,33.945,732.144
01/09/2018,A3120150306,90012041,82,555.52,16.2212,375.2238
01/09/2018,A3120150306,90014141,10,82.23,2.2942,45.759
01/09/2018,A3120150306,90005162,21,157.9,3.9633,96.0939
01/09/2018,A3120150306,90017059,10,74.64,2.381,45.759
01/09/2018,A3120150306,90007197,256,2343.98,58.5995,1171.4304
01/09/2018,A3120150306,90019203,3,22.78,0.8132,13.7277
01/09/2018,A3120150306,90021095,10,78.71,1.8182,45.759
01/09/2018,A3120150306,90022081,286,2142.17,64.6935,1308.7074
01/09/2018,A3120150306,90022082,236,1604.73,48.4628,1079.9124
01/09/2018,A3120150306,90010046,20,123.36,3.7255,91.518
01/09/2018,A3119150302,90023030,64,376.78,9.3065,221.3888
01/09/2018,A3119150302,90023023,174,1068.42,26.39,601.9008
01/09/2018,A3119150302,90012041,15,83.44,2.4364,51.888
01/09/2018,A3119150302,90014141,12,66.79,1.8634,41.5104
01/09/2018,A3119150302,90005162,40,254.24,6.3814,138.368
01/09/2018,A3119150302,90017059,17,99.32,3.1683,58.8064
01/09/2018,A3119150302,90007197,226,1646.53,41.1632,781.7792
01/09/2018,A3119150302,90019203,3,16.92,0.604,10.3776
01/09/2018,A3119150302,90021095,43,275.27,6.3587,148.7456
01/09/2018,A3119150302,90022081,303,1440.32,43.4977,1048.1376
01/09/2018,A3119150302,90022082,85,406.42,12.2739,294.032
01/09/2018,A3119150302,90010046,34,141.89,4.2851,117.6128
01/09/2018,A3119150301,90023030,103,661.44,16.3376,367.9469
01/09/2018,A3119150301,90023023,182,1205.32,29.7714,650.1586
01/09/2018,A3119150301,90012041,34,183.64,5.3623,121.4582
01/09/2018,A3119150301,90014141,4,21.32,0.5948,14.2892
01/09/2018,A3119150301,90005162,15,98.28,2.4668,53.5845
01/09/2018,A3119150301,90017059,13,76.85,2.4515,46.4399
01/09/2018,A3119150301,90007197,196,1523.05,38.0762,700.1708
01/09/2018,A3119150301,90019203,2,12.11,0.4323,7.1446
01/09/2018,A3119150301,90021095,9,55.58,1.2839,32.1507
01/09/2018,A3119150301,90022081,47,238.14,7.1918,167.8981
01/09/2018,A3119150301,90022082,39,210.33,6.352,139.3197
01/09/2018,A3119150301,90010046,17,94.21,2.8451,60.7291
01/09/2018,A3120150304,90023030,81,531.34,13.1241,291.438
01/09/2018,A3120150304,90023023,78,561.56,13.8705,280.644
01/09/2018,A3120150304,90012041,70,395.15,11.5384,251.86
01/09/2018,A3120150304,90014141,10,62.82,1.7527,35.98
01/09/2018,A3120150304,90005162,32,207.63,5.2115,115.136
01/09/2018,A3120150304,90017059,16,100.89,3.2184,57.568
01/09/2018,A3120150304,90007197,109,830.1,20.7525,392.182
01/09/2018,A3120150304,90019203,1,5.53,0.1974,3.598
01/09/2018,A3120150304,90021095,27,166.08,3.8364,97.146
01/09/2018,A3120150304,90022081,278,1654.66,49.9707,1000.244
01/09/2018,A3120150304,90022082,103,641.79,19.3821,370.594
01/09/2018,A3120150304,90010046,4,18.51,0.559,14.392
01/09/2018,A2918150105,90023030,98,430.84,10.6417,241.9522
01/09/2018,A2918150105,90023023,178,799.73,19.7533,439.4642
01/09/2018,A2918150105,90012041,43,168.05,4.9071,106.1627
01/09/2018,A2918150105,90014141,7,29.12,0.8124,17.2823
01/09/2018,A2918150105,90005162,36,149.16,3.7439,88.8804
01/09/2018,A2918150105,90017059,9,34.11,1.0881,22.2201
01/09/2018,A2918150105,90007197,297,1419.49,35.4872,733.2633
01/09/2018,A2918150105,90019203,2,6.98,0.2492,4.9378
01/09/2018,A2918150105,90021095,49,186.98,4.3192,120.9761
01/09/2018,A2918150105,90022081,214,873.15,26.3691,528.3446
01/09/2018,A2918150105,90022082,227,834.18,25.1922,560.4403
01/09/2018,A2918150105,90010046,5,14.86,0.4488,12.3445
01/09/2018,A2918150106,90023030,98,425.46,10.5089,247.6264
01/09/2018,A2918150106,90023023,26,128.72,3.1794,65.6968
01/09/2018,A2918150106,90012041,83,341.05,9.9587,209.7244
01/09/2018,A2918150106,90014141,9,38.34,1.0697,22.7412
01/09/2018,A2918150106,90005162,13,57.76,1.4498,32.8484
01/09/2018,A2918150106,90017059,4,17.75,0.5662,10.1072
01/09/2018,A2918150106,90007197,131,666.97,16.6742,331.0108
01/09/2018,A2918150106,90019203,3,11.86,0.4234,7.5804
01/09/2018,A2918150106,90021095,62,274.42,6.3391,156.6616
01/09/2018,A2918150106,90022081,396,1671,50.4642,1000.6128
01/09/2018,A2918150106,90022082,47,179.29,5.4146,118.7596
01/09/2018,A2918150106,90010046,23,83.98,2.5362,58.1164
01/09/2018,A2918150104,90023030,68,271.74,6.712,160.6024
01/09/2018,A2918150104,90023023,117,494.4,12.2117,276.3306
01/09/2018,A2918150104,90012041,27,99.64,2.9095,63.7686
01/09/2018,A2918150104,90014141,12,49.65,1.3852,28.3416
01/09/2018,A2918150104,90005162,15,67.84,1.7028,35.427
01/09/2018,A2918150104,90017059,8,31.26,0.9972,18.8944
01/09/2018,A2918150104,90007197,91,441.27,11.0318,214.9238
01/09/2018,A2918150104,90019203,4,15.97,0.5701,9.4472
01/09/2018,A2918150104,90021095,48,195.82,4.5234,113.3664
01/09/2018,A2918150104,90022081,394,1439.46,43.4717,930.5492
01/09/2018,A2918150104,90022082,237,872.82,26.3592,559.7466
01/09/2018,A2918150104,90010046,15,53.69,1.6214,35.427
01/09/2018,A2918150101,90023030,47,132.33,3.2686,74.0673
01/09/2018,A2918150101,90023023,114,348.36,8.6045,179.6526
01/09/2018,A2918150101,90012041,19,43.51,1.2705,29.9421
01/09/2018,A2918150101,90014141,5,13.28,0.3705,7.8795
01/09/2018,A2918150101,90005162,23,62.72,1.5743,36.2457
01/09/2018,A2918150101,90017059,5,11.73,0.3742,7.8795
01/09/2018,A2918150101,90007197,185,592.79,14.8198,291.5415
01/09/2018,A2918150101,90019203,3,6.93,0.2474,4.7277
01/09/2018,A2918150101,90021095,25,66.9,1.5454,39.3975
01/09/2018,A2918150101,90022081,440,1031.46,31.1501,693.396
01/09/2018,A2918150101,90022082,210,484.83,14.6419,330.939
01/09/2018,A2918150101,90010046,37,75.07,2.2671,58.3083
01/09/2018,A2918150102,90023030,49,165.82,4.0958,98.6125
01/09/2018,A2918150102,90023023,80,284.64,7.0306,161
01/09/2018,A2918150102,90012041,79,245.66,7.1733,158.9875
01/09/2018,A2918150102,90014141,5,15.73,0.4389,10.0625
01/09/2018,A2918150102,90005162,28,101.52,2.5482,56.35
01/09/2018,A2918150102,90017059,14,46.53,1.4843,28.175
01/09/2018,A2918150102,90007197,240,916.97,22.9242,483
01/09/2018,A2918150102,90019203,2,6.25,0.2231,4.025
01/09/2018,A2918150102,90021095,51,158.21,3.6547,102.6375
01/09/2018,A2918150102,90022081,171,525.6,15.8731,344.1375
01/09/2018,A2918150102,90022082,28,79.75,2.4084,56.35
01/09/2018,A2918150102,90010046,24,60.5,1.8271,48.3
01/09/2018,A3220150402,90023030,106,936.72,23.137,510.6868
01/09/2018,A3220150402,90023023,39,370.74,9.1573,187.8942
01/09/2018,A3220150402,90012041,50,399.3,11.6596,240.89
01/09/2018,A3220150402,90014141,7,59.8,1.6684,33.7246
01/09/2018,A3220150402,90005162,33,262.32,6.5842,158.9874
01/09/2018,A3220150402,90017059,15,120.73,3.8513,72.267
01/09/2018,A3220150402,90007197,112,1066.33,26.6582,539.5936
01/09/2018,A3220150402,90019203,1,7.46,0.2663,4.8178
01/09/2018,A3220150402,90021095,35,269.6,6.2278,168.623
01/09/2018,A3220150402,90022081,321,2303.25,69.5582,1546.5138
01/09/2018,A3220150402,90010046,13,89.17,2.6929,62.6314
01/09/2018,A3220150402,90022082,60,453.8,13.7048,289.068
01/09/2018,A3220150401,90010046,34,210.46,6.3559,147.9782
01/09/2018,A3220150401,90023023,56,479.18,11.8357,243.7288
01/09/2018,A3220150401,90023030,71,576.12,14.2302,309.0133
01/09/2018,A3220150401,90012041,27,179.51,5.2417,117.5121
01/09/2018,A3220150401,90014141,6,45.36,1.2655,26.1138
01/09/2018,A3220150401,90005162,13,108.22,2.7163,56.5799
01/09/2018,A3220150401,90017059,15,112.86,3.6002,65.2845
01/09/2018,A3220150401,90007197,288,2690.03,67.2508,1253.4624
01/09/2018,A3220150401,90019203,3,22.39,0.7993,13.0569
01/09/2018,A3220150401,90021095,45,333.81,7.711,195.8535
01/09/2018,A3220150401,90022081,112,730.19,22.0517,487.4576
01/09/2018,A3220150401,90022082,157,1016.11,30.6865,683.3111
01/09/2018,A2319150305,90010046,29,104.79,3.1647,73.4512
01/09/2018,A2319150305,90023023,126,607.31,15.0006,319.1328
01/09/2018,A2319150305,90023030,96,464.78,11.4801,243.1488
01/09/2018,A2319150305,90012041,29,121.74,3.5548,73.4512
01/09/2018,A2319150305,90014141,9,40.65,1.1341,22.7952
01/09/2018,A2319150305,90005162,34,162.04,4.0672,86.1152
01/09/2018,A2319150305,90017059,18,76.2,2.4308,45.5904
01/09/2018,A2319150305,90007197,168,881.49,22.0372,425.5104
01/09/2018,A2319150305,90019203,1,4.12,0.1471,2.5328
01/09/2018,A2319150305,90021095,74,345.28,7.976,187.4272
01/09/2018,A2319150305,90022081,451,1786.39,53.949,1142.2928
01/09/2018,A2319150305,90022082,308,1351.52,40.8159,780.1024
01/09/2018,A2319150304,90010046,34,123.78,3.7382,93.6836
01/09/2018,A2319150304,90023023,92,473.75,11.7016,253.4968
01/09/2018,A2319150304,90023030,111,579,14.3013,305.8494
01/09/2018,A2319150304,90012041,50,198.7,5.802,137.77
01/09/2018,A2319150304,90014141,9,38.61,1.0772,24.7986
01/09/2018,A2319150304,90005162,42,189.37,4.7532,115.7268
01/09/2018,A2319150304,90017059,19,92.68,2.9565,52.3526
01/09/2018,A2319150304,90007197,66,360.25,9.0062,181.8564
01/09/2018,A2319150304,90019203,3,13.67,0.488,8.2662
01/09/2018,A2319150304,90021095,52,219.6,5.0728,143.2808
01/09/2018,A2319150304,90022081,299,1365.01,41.2233,823.8646
01/09/2018,A2319150304,90022082,42,168.87,5.0999,115.7268
01/09/2018,A2319150302,90010046,13,36.27,1.0954,27.5236
01/09/2018,A2319150302,90023023,111,458.59,11.3272,235.0092
01/09/2018,A2319150302,90023030,155,617.56,15.2537,328.166
01/09/2018,A2319150302,90012041,74,253.62,7.4057,156.6728
01/09/2018,A2319150302,90014141,5,16.87,0.4707,10.586
01/09/2018,A2319150302,90005162,30,114.76,2.8805,63.516
01/09/2018,A2319150302,90017059,14,52.48,1.6741,29.6408
01/09/2018,A2319150302,90007197,191,768.77,19.2192,404.3852
01/09/2018,A2319150302,90019203,2,6.19,0.221,4.2344
01/09/2018,A2319150302,90021095,25,97.76,2.2583,52.93
01/09/2018,A2319150302,90022081,114,385.5,11.6421,241.3608
01/09/2018,A2319150302,90022082,185,588.89,17.7845,391.682
01/09/2018,A2319150301,90010046,28,89.2,2.6938,60.5416
01/09/2018,A2319150301,90023023,178,719.38,17.7687,384.8716
01/09/2018,A2319150301,90023030,62,256.65,6.3393,134.0564
01/09/2018,A2319150301,90012041,99,346.95,10.1309,214.0578
01/09/2018,A2319150301,90014141,14,48.64,1.3571,30.2708
01/09/2018,A2319150301,90005162,6,21.88,0.5492,12.9732
01/09/2018,A2319150301,90017059,30,103.37,3.2975,64.866
01/09/2018,A2319150301,90007197,333,1468.25,36.7062,720.0126
01/09/2018,A2319150301,90019203,4,13.67,0.488,8.6488
01/09/2018,A2319150301,90021095,49,180.42,4.1677,105.9478
01/09/2018,A2319150301,90022081,149,532.36,16.0773,322.1678
01/09/2018,A2319150301,90022082,188,569.84,17.2092,406.4936
01/09/2018,A2219150206,90010046,38,112.98,3.412,85.9028
01/09/2018,A2219150206,90023023,155,583.97,14.4241,350.393
01/09/2018,A2219150206,90023030,135,508.11,12.5503,305.181
01/09/2018,A2219150206,90012041,70,225.24,6.577,158.242
01/09/2018,A2219150206,90014141,4,13.11,0.3658,9.0424
01/09/2018,A2219150206,90005162,48,183.19,4.5981,108.5088
01/09/2018,A2219150206,90017059,21,81.69,2.6059,47.4726
01/09/2018,A2219150206,90007197,177,809.21,20.2302,400.1262
01/09/2018,A2219150206,90019203,3,10.87,0.3881,6.7818
01/09/2018,A2219150206,90021095,67,268.99,6.2137,151.4602
01/09/2018,A2219150206,90022081,517,1713.71,51.754,1168.7302
01/09/2018,A2219150206,90022082,122,419.3,12.6629,275.7932
01/09/2018,A2219150205,90010046,23,55.52,1.6767,44.3739
01/09/2018,A2219150205,90023023,112,386.99,9.5587,216.0816
01/09/2018,A2219150205,90023030,120,420.72,10.3918,231.516
01/09/2018,A2219150205,90012041,45,123.71,3.6123,86.8185
01/09/2018,A2219150205,90014141,15,47.02,1.3119,28.9395
01/09/2018,A2219150205,90005162,51,172.56,4.3313,98.3943
01/09/2018,A2219150205,90017059,28,90.24,2.8787,54.0204
01/09/2018,A2219150205,90007197,123,435.1,10.8775,237.3039
01/09/2018,A2219150205,90019203,3,8.88,0.317,5.7879
01/09/2018,A2219150205,90021095,18,56.69,1.3095,34.7274
01/09/2018,A2219150205,90022081,537,1519.04,45.875,1036.0341
01/09/2018,A2219150205,90022082,171,518.79,15.6675,329.9103
01/09/2018,A2219150204,90010046,43,142.51,4.3038,87.1438
01/09/2018,A2219150204,90023023,80,302.65,7.4755,162.128
01/09/2018,A2219150204,90023030,112,417.93,10.3229,226.9792
01/09/2018,A2219150204,90012041,101,346.82,10.1271,204.6866
01/09/2018,A2219150204,90014141,5,17.05,0.4757,10.133
01/09/2018,A2219150204,90005162,22,78.33,1.9661,44.5852
01/09/2018,A2219150204,90017059,6,21.31,0.6798,12.1596
01/09/2018,A2219150204,90007197,183,775.05,19.3762,370.8678
01/09/2018,A2219150204,90019203,2,6.79,0.2424,4.0532
01/09/2018,A2219150204,90021095,26,86.37,1.9951,52.6916
01/09/2018,A2219150204,90022081,376,1146.52,34.6249,762.0016
01/09/2018,A2219150204,90022082,336,974.69,29.4356,680.9376
01/09/2018,A2218150202,90010046,18,37.47,1.1316,29.898
01/09/2018,A2218150202,90023023,55,175.43,4.3331,91.355
01/09/2018,A2218150202,90023030,43,120.59,2.9786,71.423
01/09/2018,A2218150202,90012041,49,122.72,3.5834,81.389
01/09/2018,A2218150202,90014141,13,33.14,0.9246,21.593
01/09/2018,A2218150202,90005162,43,127.39,3.1975,71.423
01/09/2018,A2218150202,90017059,6,16.67,0.5318,9.966
01/09/2018,A2218150202,90007197,109,357.32,8.933,181.049
01/09/2018,A2218150202,90019203,3,7.95,0.2838,4.983
01/09/2018,A2218150202,90021095,45,121.33,2.8027,74.745
01/09/2018,A2218150202,90022081,268,683.16,20.6314,445.148
01/09/2018,A2218150202,90022082,46,103.76,3.1336,76.406
01/09/2018,A2218150201,90010046,26,53.78,1.6242,35.9684
01/09/2018,A2218150201,90023023,115,324.42,8.0132,159.091
01/09/2018,A2218150201,90023030,142,375.45,9.2736,196.4428
01/09/2018,A2218150201,90012041,25,57.26,1.672,34.585
01/09/2018,A2218150201,90014141,12,28.11,0.7843,16.6008
01/09/2018,A2218150201,90005162,39,110.36,2.77,53.9526
01/09/2018,A2218150201,90017059,25,56.17,1.7918,34.585
01/09/2018,A2218150201,90007197,161,479.83,11.9958,222.7274
01/09/2018,A2218150201,90019203,3,6.52,0.2328,4.1502
01/09/2018,A2218150201,90021095,36,86.91,2.0076,49.8024
01/09/2018,A2218150201,90022081,462,1096.16,33.104,639.1308
01/09/2018,A2218150201,90022082,243,586.09,17.6999,336.1662
01/09/2018,A2118150106,90010046,34,69.32,2.0935,46.8418
01/09/2018,A2118150106,90023023,124,303.02,7.4846,170.8348
01/09/2018,A2118150106,90023030,55,134.11,3.3125,75.7735
01/09/2018,A2118150106,90012041,74,152,4.4384,101.9498
01/09/2018,A2118150106,90014141,10,20.36,0.568,13.777
01/09/2018,A2118150106,90005162,25,57.07,1.4325,34.4425
01/09/2018,A2118150106,90017059,23,51.05,1.6285,31.6871
01/09/2018,A2118150106,90007197,237,597.36,14.934,326.5149
01/09/2018,A2118150106,90019203,2,4.29,0.1532,2.7554
01/09/2018,A2118150106,90021095,52,108.89,2.5154,71.6404
01/09/2018,A2118150106,90022081,208,425.4,12.8471,286.5616
01/09/2018,A2118150106,90022082,199,407.29,12.3002,274.1623
01/09/2018,A2118150105,90010046,28,53.8,1.6248,34.9412
01/09/2018,A2118150105,90023023,228,495.56,12.2403,284.5212
01/09/2018,A2118150105,90023030,80,162.93,4.0244,99.832
01/09/2018,A2118150105,90012041,106,198.83,5.8058,132.2774
01/09/2018,A2118150105,90014141,11,21.72,0.606,13.7269
01/09/2018,A2118150105,90005162,6,12.59,0.316,7.4874
01/09/2018,A2118150105,90017059,11,23.05,0.7353,13.7269
01/09/2018,A2118150105,90007197,176,437.19,10.9298,219.6304
01/09/2018,A2118150105,90019203,4,7.99,0.2852,4.9916
01/09/2018,A2118150105,90021095,42,80.85,1.8676,52.4118
01/09/2018,A2118150105,90022081,201,389.39,11.7596,250.8279
01/09/2018,A2118150105,90022082,111,213.2,6.4386,138.5169
01/09/2018,A2118150104,90010046,44,76.81,2.3197,50.952
01/09/2018,A2118150104,90023023,74,159.07,3.929,85.692
01/09/2018,A2118150104,90023030,118,257.69,6.3649,136.644
01/09/2018,A2118150104,90012041,79,152.57,4.455,91.482
01/09/2018,A2118150104,90014141,2,3.98,0.111,2.316
01/09/2018,A2118150104,90005162,32,63.4,1.5913,37.056
01/09/2018,A2118150104,90017059,11,21.57,0.6881,12.738
01/09/2018,A2118150104,90007197,178,404.49,10.1122,206.124
01/09/2018,A2118150104,90019203,4,8.12,0.2899,4.632
01/09/2018,A2118150104,90021095,47,96.1,2.2199,54.426
01/09/2018,A2118150104,90022081,469,948.5,28.6447,543.102
01/09/2018,A2118150104,90022082,281,465.95,14.0717,325.398
01/09/2018,A2118150102,90010046,42,55.37,1.6722,40.0638
01/09/2018,A2118150102,90023023,151,288.17,7.1178,144.0389
01/09/2018,A2118150102,90023030,155,261.58,6.461,147.8545
01/09/2018,A2118150102,90012041,31,49.94,1.4582,29.5709
01/09/2018,A2118150102,90014141,11,16.3,0.4548,10.4929
01/09/2018,A2118150102,90005162,51,95.42,2.395,48.6489
01/09/2018,A2118150102,90017059,31,50.82,1.6212,29.5709
01/09/2018,A2118150102,90007197,202,397.67,9.9418,192.6878
01/09/2018,A2118150102,90019203,2,3.14,0.1121,1.9078
01/09/2018,A2118150102,90021095,28,47.72,1.1023,26.7092
01/09/2018,A2118150102,90022081,139,223.86,6.7606,132.5921
01/09/2018,A2118150102,90022082,280,444.67,13.429,267.092
01/09/2018,A2118150101,90010046,42,43.68,1.3191,36.3468
01/09/2018,A2118150101,90023023,64,101.55,2.5083,55.3856
01/09/2018,A2118150101,90023030,111,161.86,3.9979,96.0594
01/09/2018,A2118150101,90012041,22,29.6,0.8643,19.0388
01/09/2018,A2118150101,90014141,14,20.71,0.5778,12.1156
01/09/2018,A2118150101,90005162,27,43.58,1.0939,23.3658
01/09/2018,A2118150101,90017059,27,41.1,1.3111,23.3658
01/09/2018,A2118150101,90007197,285,469.24,11.731,246.639
01/09/2018,A2118150101,90019203,2,2.52,0.09,1.7308
01/09/2018,A2118150101,90021095,73,102.36,2.3645,63.1742
01/09/2018,A2118150101,90022081,572,834.53,25.2028,495.0088
01/09/2018,A2118150101,90022082,232,269.99,8.1537,200.7728
01/09/2018,A1718150203,90023023,3,43.59,1.0767,22.0536
01/09/2018,A1718150203,90007197,3,46.79,1.1698,22.0536
01/09/2018,A1718150203,90022082,5,55.91,1.6885,36.756
01/09/2018,A1718150203,90023030,2,28.63,0.7072,14.7024
01/09/2018,A1718150203,90012041,1,11.57,0.3378,7.3512
01/09/2018,A1718150203,90005162,1,13.8,0.3464,7.3512
01/09/2018,A1718150203,90021095,1,12.4,0.2864,7.3512
01/09/2018,A1718150203,90022081,1,10.33,0.312,7.3512
01/09/2018,A1618150103,90007197,7,77.78,1.9445,38.6708
01/09/2018,A1618150103,90022081,7,66.27,2.0014,38.6708
01/09/2018,A1618150103,90022082,7,62.84,1.8978,38.6708
01/09/2018,A1618150103,90010046,1,8.09,0.2443,5.5244
01/09/2018,A1618150103,90023023,1,10.99,0.2715,5.5244
01/09/2018,A1618150103,90023030,1,11.01,0.2719,5.5244
01/09/2018,A1618150103,90012041,1,9.39,0.2742,5.5244
01/09/2018,A1618150103,90021095,1,10.37,0.2395,5.5244
01/09/2018,A1018150102,90010046,4,161.64,4.8815,122.0788
01/09/2018,A1018150102,90023023,22,1140.62,28.1733,671.4334
01/09/2018,A1018150102,90023030,4,215.9,5.3327,122.0788
01/09/2018,A1018150102,90012041,3,155.36,4.5365,91.5591
01/09/2018,A0519150208,90010046,2,24.3,0.7339,15.5226
01/09/2018,A0519150208,90023023,10,160.12,3.955,77.613
01/09/2018,A0519150208,90023030,24,354.07,8.7455,186.2712
01/09/2018,A0519150208,90012041,9,109.86,3.2079,69.8517
01/09/2018,A0519150208,90014141,1,12.48,0.3482,7.7613
01/09/2018,A0519150208,90005162,8,119.45,2.9982,62.0904
01/09/2018,A0519150208,90017059,2,25.37,0.8093,15.5226
01/09/2018,A0519150208,90007197,13,205.91,5.1478,100.8969
01/09/2018,A0519150208,90019203,1,12.39,0.4423,7.7613
01/09/2018,A0519150208,90021095,6,80.89,1.8686,46.5678
01/09/2018,A0519150208,90022081,69,971.04,29.3254,535.5297
01/09/2018,A0519150208,90022082,48,588.6,17.7757,372.5424
01/09/2018,A0519150207,90010046,6,65.8,1.9872,46.1094
01/09/2018,A0519150207,90023023,25,395.17,9.7607,192.1225
01/09/2018,A0519150207,90023030,21,296.06,7.3127,161.3829
01/09/2018,A0519150207,90012041,15,182.35,5.3246,115.2735
01/09/2018,A0519150207,90014141,1,12.96,0.3616,7.6849
01/09/2018,A0519150207,90005162,7,100.04,2.511,53.7943
01/09/2018,A0519150207,90017059,4,51.03,1.6279,30.7396
01/09/2018,A0519150207,90007197,19,294.3,7.3575,146.0131
01/09/2018,A0519150207,90019203,1,11.99,0.428,7.6849
01/09/2018,A0519150207,90021095,5,67.11,1.5502,38.4245
01/09/2018,A0519150207,90022081,90,1192.65,36.018,691.641
01/09/2018,A0519150207,90022082,45,560.47,16.9262,345.8205
01/09/2018,A0519150205,90010046,8,74.44,2.2481,62.1144
01/09/2018,A0519150205,90023023,5,71.5,1.766,38.8215
01/09/2018,A0519150205,90023030,11,145.44,3.5924,85.4073
01/09/2018,A0519150205,90012041,10,123.03,3.5925,77.643
01/09/2018,A0519150205,90014141,2,26.37,0.7357,15.5286
01/09/2018,A0519150205,90005162,8,111.22,2.7916,62.1144
01/09/2018,A0519150205,90017059,4,49.31,1.573,31.0572
01/09/2018,A0519150205,90007197,16,252.33,6.3082,124.2288
01/09/2018,A0519150205,90019203,1,12.22,0.4363,7.7643
01/09/2018,A0519150205,90021095,6,77.14,1.7819,46.5858
01/09/2018,A0519150205,90022081,64,750.63,22.669,496.9152
01/09/2018,A0519150205,90022082,21,238.21,7.1939,163.0503
01/09/2018,A0519150203,90010046,1,10.07,0.3041,6.4163
01/09/2018,A0519150203,90023023,8,96.28,2.3781,51.3304
01/09/2018,A0519150203,90023030,6,75.02,1.853,38.4978
01/09/2018,A0519150203,90012041,15,146.35,4.2734,96.2445
01/09/2018,A0519150203,90014141,2,21.45,0.5985,12.8326
01/09/2018,A0519150203,90005162,7,86.48,2.1706,44.9141
01/09/2018,A0519150203,90017059,5,57.33,1.8288,32.0815
01/09/2018,A0519150203,90007197,7,94.72,2.368,44.9141
01/09/2018,A0519150203,90019203,1,10.72,0.3827,6.4163
01/09/2018,A0519150203,90021095,5,54.39,1.2564,32.0815
01/09/2018,A0519150203,90022081,63,612.43,18.4954,404.2269
01/09/2018,A0519150203,90022082,28,281.17,8.4913,179.6564
01/09/2018,A0519150202,90010046,3,23.9,0.7218,18.4839
01/09/2018,A0519150202,90023023,33,391.07,9.6594,203.3229
01/09/2018,A0519150202,90023030,17,187.32,4.6268,104.7421
01/09/2018,A0519150202,90012041,12,117.43,3.429,73.9356
01/09/2018,A0519150202,90014141,1,9.85,0.2748,6.1613
01/09/2018,A0519150202,90005162,3,33.38,0.8378,18.4839
01/09/2018,A0519150202,90017059,4,43.74,1.3953,24.6452
01/09/2018,A0519150202,90007197,29,385.79,9.6448,178.6777
01/09/2018,A0519150202,90021095,7,75.97,1.7549,43.1291
01/09/2018,A0519150202,90022081,23,217.19,6.5591,141.7099
01/09/2018,A0519150202,90022082,33,305.23,9.2179,203.3229
01/09/2018,A0519150201,90010046,6,43.99,1.3285,33.8214
01/09/2018,A0519150201,90023023,34,334.09,8.252,191.6546
01/09/2018,A0519150201,90023030,9,82.95,2.0489,50.7321
01/09/2018,A0519150201,90012041,4,30.48,0.89,22.5476
01/09/2018,A0519150201,90014141,2,16.23,0.4528,11.2738
01/09/2018,A0519150201,90005162,7,65.77,1.6508,39.4583
01/09/2018,A0519150201,90017059,5,46.14,1.4719,28.1845
01/09/2018,A0519150201,90007197,28,303.48,7.587,157.8332
01/09/2018,A0519150201,90019203,1,9,0.3213,5.6369
01/09/2018,A0519150201,90021095,7,61.38,1.4179,39.4583
01/09/2018,A0519150201,90022081,95,826.24,24.9524,535.5055
01/09/2018,A0519150201,90022082,7,58.48,1.7661,39.4583
01/09/2018,A0418150107,90010046,6,45.49,1.3738,29.1972
01/09/2018,A0418150107,90023023,39,356.94,8.8164,189.7818
01/09/2018,A0418150107,90023030,14,122.99,3.0379,68.1268
01/09/2018,A0418150107,90012041,7,55.71,1.6267,34.0634
01/09/2018,A0418150107,90014141,2,15.12,0.4218,9.7324
01/09/2018,A0418150107,90005162,6,53.48,1.3423,29.1972
01/09/2018,A0418150107,90017059,3,24.89,0.794,14.5986
01/09/2018,A0418150107,90007197,32,339.01,8.4752,155.7184
01/09/2018,A0418150107,90019203,1,8.41,0.3002,4.8662
01/09/2018,A0418150107,90021095,2,17.04,0.3936,9.7324
01/09/2018,A0418150107,90022081,84,692.43,20.9114,408.7608
01/09/2018,A0418150107,90022082,9,76.92,2.323,43.7958
01/09/2018,A0418150105,90010046,7,54.16,1.6356,33.4922
01/09/2018,A0418150105,90023023,9,80.38,1.9854,43.0614
01/09/2018,A0418150105,90023030,4,34.45,0.8509,19.1384
01/09/2018,A0418150105,90012041,5,37.88,1.1061,23.923
01/09/2018,A0418150105,90005162,8,72.34,1.8157,38.2768
01/09/2018,A0418150105,90017059,4,32.43,1.0345,19.1384
01/09/2018,A0418150105,90007197,19,194.95,4.8738,90.9074
01/09/2018,A0418150105,90021095,6,52.27,1.2074,28.7076
01/09/2018,A0418150105,90022081,57,381.15,11.5107,272.7222
01/09/2018,A0418150105,90022082,60,430.71,13.0074,287.076
01/09/2018,A0418150103,90010046,4,24.37,0.736,19.2756
01/09/2018,A0418150103,90023023,33,313.25,7.7373,159.0237
01/09/2018,A0418150103,90023030,11,97.71,2.4134,53.0079
01/09/2018,A0418150103,90012041,5,38.93,1.1368,24.0945
01/09/2018,A0418150103,90014141,2,16.92,0.4721,9.6378
01/09/2018,A0418150103,90005162,1,8.89,0.2231,4.8189
01/09/2018,A0418150103,90017059,5,40.97,1.3069,24.0945
01/09/2018,A0418150103,90007197,34,326.86,8.1715,163.8426
01/09/2018,A0418150103,90019203,1,7.52,0.2685,4.8189
01/09/2018,A0418150103,90021095,8,60.87,1.4061,38.5512
01/09/2018,A0418150103,90022081,68,484.12,14.6204,327.6852
01/09/2018,A0418150103,90022082,25,184.92,5.5846,120.4725
01/09/2018,A0418150102,90010046,7,43.53,1.3146,32.6032
01/09/2018,A0418150102,90023023,10,92.21,2.2776,46.576
01/09/2018,A0418150102,90023030,19,167.89,4.1469,88.4944
01/09/2018,A0418150102,90012041,12,89.73,2.6201,55.8912
01/09/2018,A0418150102,90014141,2,15.64,0.4364,9.3152
01/09/2018,A0418150102,90005162,5,42.34,1.0627,23.288
01/09/2018,A0418150102,90017059,2,16.69,0.5324,9.3152
01/09/2018,A0418150102,90007197,59,573.61,14.3402,274.7984
01/09/2018,A0418150102,90021095,10,86.97,2.009,46.576
01/09/2018,A0418150102,90022081,74,574.63,17.3538,344.6624
01/09/2018,A0418150102,90022082,11,74.29,2.2436,51.2336
01/09/2018,A0418150101,90010046,3,16.52,0.4989,13.1688
01/09/2018,A0418150101,90023023,8,61.21,1.5119,35.1168
01/09/2018,A0418150101,90023030,7,51.47,1.2713,30.7272
01/09/2018,A0418150101,90012041,17,106.75,3.1171,74.6232
01/09/2018,A0418150101,90014141,1,7.38,0.2059,4.3896
01/09/2018,A0418150101,90005162,4,27.83,0.6985,17.5584
01/09/2018,A0418150101,90017059,3,21.51,0.6862,13.1688
01/09/2018,A0418150101,90007197,35,301.51,7.5378,153.636
01/09/2018,A0418150101,90021095,10,63.13,1.4583,43.896
01/09/2018,A0418150101,90022081,35,235.93,7.1251,153.636
01/09/2018,A0418150101,90022082,40,236.87,7.1535,175.584
01/09/2018,A0219150202,90010046,4,32.77,0.9897,24.9464
01/09/2018,A0219150202,90023023,36,443.38,10.9515,224.5176
01/09/2018,A0219150202,90023030,26,274.54,6.7811,162.1516
01/09/2018,A0219150202,90012041,6,60.03,1.7529,37.4196
01/09/2018,A0219150202,90014141,2,19.44,0.5424,12.4732
01/09/2018,A0219150202,90005162,4,42.42,1.0647,24.9464
01/09/2018,A0219150202,90017059,2,19.87,0.6339,12.4732
01/09/2018,A0219150202,90007197,32,406.65,10.1662,199.5712
01/09/2018,A0219150202,90019203,1,10.36,0.3699,6.2366
01/09/2018,A0219150202,90021095,13,131.57,3.0393,81.0758
01/09/2018,A0219150202,90022081,113,1052.58,31.7879,704.7358
01/09/2018,A0219150202,90022082,59,591.68,17.8687,367.9594
01/09/2018,A0118150104,90010046,3,21.18,0.6396,16.2726
01/09/2018,A0118150104,90023023,12,116.45,2.8763,65.0904
01/09/2018,A0118150104,90023030,7,72.28,1.7853,37.9694
01/09/2018,A0118150104,90012041,9,73.61,2.1494,48.8178
01/09/2018,A0118150104,90014141,2,18.22,0.5083,10.8484
01/09/2018,A0118150104,90005162,5,49.55,1.2437,27.121
01/09/2018,A0118150104,90017059,3,27.91,0.8903,16.2726
01/09/2018,A0118150104,90007197,84,908.3,22.7075,455.6328
01/09/2018,A0118150104,90019203,1,9.44,0.337,5.4242
01/09/2018,A0118150104,90021095,16,152.05,3.5124,86.7872
01/09/2018,A0118150104,90022081,17,132.92,4.0142,92.2114
01/09/2018,A0118150104,90022082,32,288.16,8.7024,173.5744
01/09/2018,A0118150102,90010046,7,59.08,1.7842,37.2645
01/09/2018,A0118150102,90023023,45,476.99,11.7817,239.5575
01/09/2018,A0118150102,90023030,22,231.31,5.7134,117.117
01/09/2018,A0118150102,90012041,6,56.19,1.6407,31.941
01/09/2018,A0118150102,90014141,1,9.4,0.2623,5.3235
01/09/2018,A0118150102,90005162,6,57.78,1.4503,31.941
01/09/2018,A0118150102,90017059,2,19.28,0.615,10.647
01/09/2018,A0118150102,90007197,21,231.68,5.792,111.7935
01/09/2018,A0118150102,90019203,1,9.08,0.3242,5.3235
01/09/2018,A0118150102,90021095,5,52.34,1.2091,26.6175
01/09/2018,A0118150102,90022081,107,918.71,27.745,569.6145
01/09/2018,A0118150102,90022082,65,588.17,17.7627,346.0275
01/09/2018,A1018150102,90014141,1,49.45,1.3797,30.5197
01/09/2018,A1018150102,90005162,1,51.65,1.2964,30.5197
01/09/2018,A1018150102,90017059,3,152.65,4.8695,91.5591
01/09/2018,A1018150102,90007197,39,2354.81,58.8702,1190.2683
01/09/2018,A1018150102,90019203,1,50.21,1.7925,30.5197
01/09/2018,A1018150102,90021095,5,276.13,6.3786,152.5985
01/09/2018,A1018150102,90022081,52,2359.65,71.2614,1587.0244
01/09/2018,A1018150102,90022082,8,364.66,11.0127,244.1576
01/09/2018,A1219150302,90010046,4,211.06,6.374,140.676
01/09/2018,A1219150302,90023023,16,1156.48,28.5651,562.704
01/09/2018,A1219150302,90023030,11,743.46,18.3635,386.859
01/09/2018,A1219150302,90012041,10,535.05,15.6235,351.69
01/09/2018,A1219150302,90005162,5,314.5,7.894,175.845
01/09/2018,A1219150302,90017059,3,177.79,5.6715,105.507
01/09/2018,A1219150302,90007197,10,741.01,18.5252,351.69
01/09/2018,A1219150302,90021095,4,268.29,6.1975,140.676
01/09/2018,A1219150302,90022081,34,1872.4,56.5465,1195.746
01/09/2018,A1219150302,90022082,6,340.16,10.2728,211.014
01/09/2018,A1118150202,90010046,1,49.32,1.4895,36.1764
01/09/2018,A1118150202,90023023,5,320.9,7.9262,180.882
01/09/2018,A1118150202,90023030,11,768.37,18.9787,397.9404
01/09/2018,A1118150202,90012041,11,634.9,18.5391,397.9404
01/09/2018,A1118150202,90014141,2,126.63,3.533,72.3528
01/09/2018,A1118150202,90005162,4,271.2,6.8071,144.7056
01/09/2018,A1118150202,90017059,3,196.27,6.261,108.5292
01/09/2018,A1118150202,90007197,19,1343.92,33.598,687.3516
01/09/2018,A1118150202,90021095,7,438.77,10.1356,253.2348
01/09/2018,A1118150202,90022081,48,2610.52,78.8377,1736.4672
01/09/2018,A1118150202,90022082,9,487.41,14.7198,325.5876
01/09/2018,A0118150103,90010046,6,44.42,1.3415,33.1836
01/09/2018,A0118150103,90023023,37,401.23,9.9104,204.6322
01/09/2018,A0118150103,90023030,6,64.41,1.5909,33.1836
01/09/2018,A0118150103,90012041,10,93.16,2.7203,55.306
01/09/2018,A0118150103,90014141,1,9.66,0.2695,5.5306
01/09/2018,A0118150103,90005162,8,84.53,2.1217,44.2448
01/09/2018,A0118150103,90017059,2,19.15,0.6109,11.0612
01/09/2018,A0118150103,90007197,61,686.54,17.1635,337.3666
01/09/2018,A0118150103,90019203,1,9.22,0.3292,5.5306
01/09/2018,A0118150103,90021095,14,131.07,3.0277,77.4284
01/09/2018,A0118150103,90022081,39,387.94,11.7158,215.6934
01/09/2018,A0118150103,90022082,39,375.38,11.3365,215.6934
01/09/2018,A1618150104,90023023,4,48.26,1.192,24.8292
01/09/2018,A1618150104,90007197,5,63.24,1.581,31.0365
01/09/2018,A1618150104,90022081,7,68.52,2.0693,43.4511
01/09/2018,A1618150104,90022082,6,61.92,1.87,37.2438
01/09/2018,A1618150104,90023030,2,23.36,0.577,12.4146
01/09/2018,A1618150104,90012041,1,9.36,0.2733,6.2073
01/09/2018,A1618150104,90005162,1,11.17,0.2804,6.2073
01/09/2018,A1618150104,90021095,1,11.05,0.2553,6.2073
01/09/2018,A1718150204,90023030,3,40.05,0.9892,22.5123
01/09/2018,A1718150204,90007197,7,104.23,2.6058,52.5287
01/09/2018,A1718150204,90022081,10,112.09,3.3851,75.041
01/09/2018,A1718150204,90022082,4,46.53,1.4052,30.0164
01/09/2018,A1718150204,90010046,1,11.04,0.3334,7.5041
01/09/2018,A1718150204,90012041,1,11.06,0.323,7.5041
01/09/2018,A1718150204,90005162,1,12.14,0.3047,7.5041
01/09/2018,A1718150204,90021095,1,11.99,0.277,7.5041
01/09/2018,A1718150204,90023023,2,28.15,0.6953,15.0082
01/09/2018,A1018150103,90010046,5,252.66,7.6303,158.9675
01/09/2018,A1018150103,90023023,10,601.7,14.862,317.935
01/09/2018,A1018150103,90023030,10,582.75,14.3939,317.935
01/09/2018,A1018150103,90012041,10,524.64,15.3195,317.935
01/09/2018,A1018150103,90005162,2,124.66,3.129,63.587
01/09/2018,A1018150103,90007197,38,2551.67,63.7918,1208.153
01/09/2018,A1018150103,90021095,4,245.14,5.6627,127.174
01/09/2018,A1018150103,90022081,38,1891.67,57.1284,1208.153
01/09/2018,A1018150103,90022082,5,255.32,7.7107,158.9675
01/09/2018,A1219150303,90010046,4,204.66,6.1807,157.0328
01/09/2018,A1219150303,90023023,17,1257.6,31.0627,667.3894
01/09/2018,A1219150303,90023030,5,378.33,9.3448,196.291
01/09/2018,A1219150303,90012041,5,324.51,9.4757,196.291
01/09/2018,A1219150303,90014141,1,61.96,1.7287,39.2582
01/09/2018,A1219150303,90005162,1,71.38,1.7916,39.2582
01/09/2018,A1219150303,90007197,23,1773.28,44.332,902.9386
01/09/2018,A1219150303,90021095,1,69.32,1.6013,39.2582
01/09/2018,A1219150303,90022081,14,829.42,25.0485,549.6148
01/09/2018,A1219150303,90022082,13,703.7,21.2517,510.3566
01/09/2018,A1119150203,90010046,2,94.28,2.8473,70.3736
01/09/2018,A1119150203,90023023,22,1605.88,39.6652,774.1096
01/09/2018,A1119150203,90023030,4,241.44,5.9636,140.7472
01/09/2018,A1119150203,90012041,9,528.77,15.4401,316.6812
01/09/2018,A1119150203,90014141,1,62.51,1.744,35.1868
01/09/2018,A1119150203,90005162,5,328.74,8.2514,175.934
01/09/2018,A1119150203,90017059,2,125.71,4.0101,70.3736
01/09/2018,A1119150203,90007197,15,1099.09,27.4772,527.802
01/09/2018,A1119150203,90021095,5,298.3,6.8907,175.934
01/09/2018,A1119150203,90022081,58,3194.05,96.4603,2040.8344
01/09/2018,A1119150203,90022082,4,212.32,6.4121,140.7472
01/09/2018,A1718150201,90007197,6,76.05,1.9012,36.5382
01/09/2018,A1718150201,90022081,4,32.68,0.9869,24.3588
01/09/2018,A1718150201,90023023,2,22.29,0.5506,12.1794
01/09/2018,A1718150201,90022082,2,17.29,0.5222,12.1794
01/09/2018,A1718150201,90012041,1,10.1,0.2949,6.0897
01/09/2018,A1718150201,90005162,1,10.17,0.2553,6.0897
01/09/2018,A1819150301,90005162,1,12.89,0.3235,7.0398
01/09/2018,A1819150301,90017059,1,11.45,0.3653,7.0398
01/09/2018,A1819150301,90021095,1,11.43,0.264,7.0398
01/09/2018,A1819150301,90023023,2,24.66,0.6091,14.0796
01/09/2018,A1819150301,90023030,2,22.63,0.559,14.0796
01/09/2018,A1819150301,90007197,4,53.76,1.344,28.1592
01/09/2018,A1819150301,90022081,6,59.2,1.7878,42.2388
01/09/2018,A1819150301,90022082,3,29.46,0.8897,21.1194
01/09/2018,A1618150101,90023023,3,25.23,0.6232,14.0385
01/09/2018,A1618150101,90007197,4,34.81,0.8702,18.718
01/09/2018,A1618150101,90022081,6,43.96,1.3276,28.077
01/09/2018,A1618150101,90022082,2,14.73,0.4448,9.359
01/09/2018,A1618150101,90023030,1,8.4,0.2075,4.6795
01/09/2018,A1618150101,90012041,1,6.73,0.1965,4.6795
01/09/2018,A0219150201,90010046,2,13.53,0.4086,11.45
01/09/2018,A0219150201,90023023,31,312.36,7.7153,177.475
01/09/2018,A0219150201,90023030,6,60.64,1.4978,34.35
01/09/2018,A0219150201,90012041,18,162.08,4.7327,103.05
01/09/2018,A0219150201,90014141,3,26.86,0.7494,17.175
01/09/2018,A0219150201,90005162,6,57.61,1.446,34.35
01/09/2018,A0219150201,90017059,2,17.85,0.5694,11.45
01/09/2018,A0219150201,90007197,46,507.91,12.6978,263.35
01/09/2018,A0219150201,90019203,1,8.84,0.3156,5.725
01/09/2018,A0219150201,90021095,10,87.25,2.0155,57.25
01/09/2018,A0219150201,90022081,44,382.63,11.5554,251.9
01/09/2018,A0219150201,90022082,18,148.22,4.4762,103.05
01/09/2018,A0118150101,90010046,7,46.78,1.4128,29.4231
01/09/2018,A0118150101,90023023,38,327.83,8.0974,159.7254
01/09/2018,A0118150101,90023030,15,120.71,2.9815,63.0495
01/09/2018,A0118150101,90012041,7,50.03,1.4609,29.4231
01/09/2018,A0118150101,90014141,1,6.73,0.1878,4.2033
01/09/2018,A0118150101,90005162,11,80.48,2.02,46.2363
01/09/2018,A0118150101,90017059,1,6.95,0.2217,4.2033
01/09/2018,A0118150101,90007197,83,720.23,18.0058,348.8739
01/09/2018,A0118150101,90021095,6,42.43,0.9801,25.2198
01/09/2018,A0118150101,90022081,95,651,19.6602,399.3135
01/09/2018,A0118150101,90022082,19,123.14,3.7188,79.8627
01/09/2018,A1018150101,90010046,5,191.93,5.7963,137.5795
01/09/2018,A1018150101,90023023,7,380.16,9.39,192.6113
01/09/2018,A1018150101,90023030,14,705.15,17.4172,385.2226
01/09/2018,A1018150101,90012041,1,41.38,1.2083,27.5159
01/09/2018,A1018150101,90014141,1,43.87,1.224,27.5159
01/09/2018,A1018150101,90005162,5,233.22,5.8538,137.5795
01/09/2018,A1018150101,90017059,1,48,1.5312,27.5159
01/09/2018,A1018150101,90007197,36,2168.87,54.2218,990.5724
01/09/2018,A1018150101,90021095,6,281,6.4911,165.0954
01/09/2018,A1018150101,90022081,7,309.84,9.3572,192.6113
01/09/2018,A1018150101,90022082,8,330.02,9.9666,220.1272
01/09/2018,A1219150301,90010046,3,143.2,4.3246,109.0947
01/09/2018,A1219150301,90023023,4,265.29,6.5527,145.4596
01/09/2018,A1219150301,90023030,13,818.82,20.2249,472.7437
01/09/2018,A1219150301,90012041,4,244.58,7.1417,145.4596
01/09/2018,A1219150301,90014141,1,60.38,1.6846,36.3649
01/09/2018,A1219150301,90005162,2,127.42,3.1982,72.7298
01/09/2018,A1219150301,90017059,3,182.39,5.8182,109.0947
01/09/2018,A1219150301,90007197,20,1446.48,36.162,727.298
01/09/2018,A1219150301,90021095,7,424.86,9.8143,254.5543
01/09/2018,A1219150301,90022081,47,2690.21,81.2443,1709.1503
01/09/2018,A1219150301,90022082,9,492.71,14.8798,327.2841
01/09/2018,A1118150201,90010046,1,43.4,1.3107,29.94
01/09/2018,A1118150201,90023023,18,1052.29,25.9916,538.92
01/09/2018,A1118150201,90023030,15,812.64,20.0722,449.1
01/09/2018,A1118150201,90012041,3,142.88,4.1721,89.82
01/09/2018,A1118150201,90005162,3,168.01,4.2171,89.82
01/09/2018,A1118150201,90017059,1,54.48,1.7379,29.94
01/09/2018,A1118150201,90007197,39,2545.14,63.6285,1167.66
01/09/2018,A1118150201,90021095,3,146.9,3.3934,89.82
01/09/2018,A1118150201,90022081,14,621.37,18.7654,419.16
01/09/2018,A1118150201,90022082,29,1378.39,41.6274,868.26
01/09/2018,A5419110202,90022081,3,686.61,20.7356,444.5529
01/09/2018,A5519110301,90022081,3,674.82,20.3796,434.8143
01/09/2018,A5519110302,90022081,3,733.03,22.1375,488.9034
01/09/2018,A5519110303,90022081,3,685.78,20.7106,478.3563
01/09/2018,A5621110405,90022081,3,758.44,22.9049,469.0182
01/09/2018,A4118110101,90007197,8,618.84,15.471,306.2424
01/09/2018,A4118110101,90022082,8,490.35,14.8086,306.2424
01/09/2018,A4118110102,90022082,8,524.11,15.8281,353.9624
01/09/2018,A4118110106,90007197,8,784.58,19.6145,381.808
01/09/2018,A4118110106,90022082,8,620.76,18.747,381.808
01/09/2018,A4118110107,90007197,9,879.55,21.9888,417.4839
01/09/2018,A4118110107,90022082,8,549.82,16.6046,371.0968
01/09/2018,A4118110101,90022081,12,753.67,22.7608,459.3636
01/09/2018,A4118110107,90022081,13,891.06,26.91,603.0323
01/09/2018,A4218110201,90007197,7,654.78,16.3695,335.8117
01/09/2018,A4218110201,90022082,9,664.1,20.0558,431.7579
01/09/2018,A4218110202,90007197,7,786.92,19.673,375.0327
01/09/2018,A4218110204,90022082,7,598.1,18.0626,435.1347
01/09/2018,A4218110206,90022082,9,867.32,26.1931,539.2638
01/09/2018,A4218110208,90022082,8,725.01,21.8953,459.7816
01/09/2018,A4218110204,90022081,12,1199.19,36.2155,745.9452
01/09/2018,A4218110205,90022081,14,1298.85,39.2253,857.262
01/09/2018,A4218110206,90022081,14,1457.36,44.0123,838.8548
01/09/2018,A4218110207,90022081,8,730.36,22.0569,488.8784
01/09/2018,A4218110208,90022081,12,1194.13,36.0627,689.6724
01/09/2018,A4318110301,90007197,8,1096.35,27.4088,498.644
01/09/2018,A4319110304,90022081,13,1215.08,36.6954,826.4854
01/09/2018,A4319110306,90007197,7,922.04,23.051,452.9462
01/09/2018,A4319110306,90022081,10,908.11,27.4249,647.066
01/09/2018,A4319110306,90022082,9,951.71,28.7416,582.3594
01/09/2018,A4419110401,90022082,8,757.05,22.8629,535.4688
01/09/2018,A4419110402,90022081,7,701.57,21.1874,486.3047
01/09/2018,A4318110301,90022081,6,600.99,18.1499,373.983
01/09/2018,A4318110301,90022082,6,646.21,19.5155,373.983
01/09/2018,A4319110305,90023023,6,732.03,18.0811,390.3486
01/09/2018,A4319110306,90023023,6,694.71,17.1593,388.2396
01/09/2018,A4419110402,90023023,6,774.47,19.1294,416.8326
01/09/2018,A4118110102,90022081,6,424.92,12.8326,265.4718
01/09/2018,A4118110104,90007197,6,599.81,14.9952,293.4876
01/09/2018,A4218110204,90023023,6,705.02,17.414,372.9726
01/09/2018,A4218110205,90022082,6,569.93,17.2119,367.398
01/09/2018,A4118110101,90023023,5,385.7,9.5268,191.4015
01/09/2018,A4118110105,90022081,5,384.05,11.5983,240.535
01/09/2018,A4319110302,90022081,5,467.35,14.114,309.3085
01/09/2018,A4319110305,90022082,5,499.18,15.0752,325.2905
01/09/2018,A4218110201,90023023,5,418.08,10.3266,239.8655
01/09/2018,A4218110201,90022081,5,371.52,11.2199,239.8655
01/09/2018,A4218110202,90023023,5,543.49,13.4242,267.8805
01/09/2018,A4218110208,90007197,5,610.25,15.2562,287.3635
01/09/2018,A4319110302,90007197,4,499.52,12.488,247.4468
01/09/2018,A4319110304,90007197,4,503.83,12.5958,254.3032
01/09/2018,A4319110305,90007197,4,569.52,14.238,260.2324
01/09/2018,A4319110305,90022081,4,434.28,13.1153,260.2324
01/09/2018,A4118110104,90022081,4,269.24,8.131,195.6584
01/09/2018,A4118110105,90007197,4,367.11,9.1778,192.428
01/09/2018,A4118110106,90023023,4,347.62,8.5862,190.904
01/09/2018,A4419110402,90022082,4,429.65,12.9754,277.8884
01/09/2018,A4218110202,90022081,4,324.73,9.8068,214.3044
01/09/2018,A4218110204,90007197,4,525.18,13.1295,248.6484
01/09/2018,A4218110205,90023030,4,428.01,10.5718,244.932
01/09/2018,A4118110106,90022081,3,191.08,5.7706,143.178
01/09/2018,A4118110105,90023023,3,257.23,6.3536,144.321
01/09/2018,A4118110105,90022082,3,191.08,5.7706,144.321
01/09/2018,A4118110104,90023030,3,257.87,6.3694,146.7438
01/09/2018,A4118110104,90012041,3,230.14,6.7201,146.7438
01/09/2018,A4118110104,90022082,3,218.37,6.5948,146.7438
01/09/2018,A4118110101,90012041,3,179.67,5.2464,114.8409
01/09/2018,A4118110102,90023023,3,260.51,6.4346,132.7359
01/09/2018,A4118110102,90007197,3,258.18,6.4545,132.7359
01/09/2018,A4419110401,90022081,3,269.85,8.1495,200.8008
01/09/2018,A4419110402,90007197,3,430.67,10.7668,208.4163
01/09/2018,A4319110302,90023023,3,318.03,7.8553,185.5851
01/09/2018,A4319110302,90022082,3,251.34,7.5905,185.5851
01/09/2018,A4218110206,90007197,3,386.49,9.6622,179.7546
01/09/2018,A4218110207,90023030,3,307.21,7.5881,183.3294
01/09/2018,A4218110207,90022082,3,264.01,7.9731,183.3294
01/09/2018,A4218110208,90023023,3,337.42,8.3343,172.4181
01/09/2018,A4218110202,90022082,3,229.87,6.9421,160.7283
01/09/2018,A4218110205,90023023,3,321.74,7.947,183.699
01/09/2018,A4218110205,90007197,3,386.62,9.6655,183.699
01/09/2018,A4218110202,90012041,2,183.77,5.3661,107.1522
01/09/2018,A4218110202,90021095,2,209.44,4.8381,107.1522
01/09/2018,A4218110201,90012041,2,141.72,4.1382,95.9462
01/09/2018,A4218110207,90023023,2,208.07,5.1393,122.2196
01/09/2018,A4218110207,90012041,2,191.59,5.5944,122.2196
01/09/2018,A4218110207,90007197,2,244.38,6.1095,122.2196
01/09/2018,A4218110206,90023023,2,252.32,6.2323,119.8364
01/09/2018,A4218110206,90012041,2,194.19,5.6703,119.8364
01/09/2018,A4218110206,90021095,2,201.31,4.6503,119.8364
01/09/2018,A4218110204,90012041,2,192.93,5.6336,124.3242
01/09/2018,A4218110208,90023030,2,195.1,4.819,114.9454
01/09/2018,A4218110208,90021095,2,209.54,4.8404,114.9454
01/09/2018,A4419110401,90023023,2,253.31,6.2568,133.8672
01/09/2018,A4419110401,90012041,2,214.71,6.2695,133.8672
01/09/2018,A4419110401,90007197,2,280.17,7.0042,133.8672
01/09/2018,A4419110402,90023030,2,241.65,5.9688,138.9442
01/09/2018,A4419110402,90012041,2,223.26,6.5192,138.9442
01/09/2018,A4118110101,90023030,2,151.76,3.7485,76.5606
01/09/2018,A4118110101,90021095,2,144.24,3.3319,76.5606
01/09/2018,A4118110104,90021095,2,167.29,3.8644,97.8292
01/09/2018,A4118110105,90021095,2,152.24,3.5167,96.214
01/09/2018,A4118110106,90012041,2,142.05,4.1479,95.452
01/09/2018,A4118110107,90023023,2,191.29,4.7249,92.7742
01/09/2018,A4118110107,90023030,2,166.57,4.1143,92.7742
01/09/2018,A4319110305,90023030,2,250.88,6.1967,130.1162
01/09/2018,A4319110305,90012041,2,213.48,6.2336,130.1162
01/09/2018,A4319110305,90021095,2,243.72,5.6299,130.1162
01/09/2018,A4318110301,90023030,2,239.34,5.9117,124.661
01/09/2018,A4319110306,90012041,2,193.72,5.6566,129.4132
01/09/2018,A4319110304,90022082,2,176.9,5.3424,127.1516
01/09/2018,A4319110302,90023030,2,221.27,5.4654,123.7234
01/09/2018,A4319110302,90021095,2,201.77,4.6609,123.7234
01/09/2018,A5318110107,90007197,2,572.85,14.3212,281.2064
01/09/2018,A5318110107,90022081,2,450.12,13.5936,281.2064
01/09/2018,A5318110102,90022082,2,436.57,13.1844,280.553
01/09/2018,A5318110103,90022081,2,405.81,12.2555,275.5802
01/09/2018,A5318110105,90007197,2,641.39,16.0348,306.91
01/09/2018,A5318110105,90022081,2,496.39,14.991,306.91
01/09/2018,A5318110108,90007197,2,579.71,14.4928,281.1748
01/09/2018,A5318110108,90022081,2,472.21,14.2607,281.1748
01/09/2018,A5318110108,90022082,2,432.49,13.0612,281.1748
01/09/2018,A5519110301,90022082,2,414.56,12.5197,289.8762
01/09/2018,A5519110302,90007197,2,668.58,16.7145,325.9356
01/09/2018,A5519110302,90022082,2,452.87,13.6767,325.9356
01/09/2018,A5519110304,90022082,2,497.06,15.0112,310.5766
01/09/2018,A5520110305,90022081,2,555.64,16.7803,347.2408
01/09/2018,A5520110305,90022082,2,557.51,16.8368,347.2408
01/09/2018,A5620110401,90022081,2,516.18,15.5886,321.22
01/09/2018,A5621110403,90022081,2,459.87,13.8881,317.027
01/09/2018,A5621110405,90022082,2,493.7,14.9097,312.6788
01/09/2018,A5419110201,90007197,2,567.81,14.1952,267.4676
01/09/2018,A5419110201,90022081,2,374.91,11.3223,267.4676
01/09/2018,A5419110201,90022082,2,415.43,12.546,267.4676
01/09/2018,A5419110202,90022082,2,448.75,13.5522,296.3686
01/09/2018,A5419110203,90022081,2,392.63,11.8574,277.2118
01/09/2018,A5419110203,90022082,2,409.39,12.3636,277.2118
01/09/2018,A5419110205,90022082,2,458.27,13.8398,291.8506
01/09/2018,A5419110207,90007197,2,599.57,14.9892,299.2684
01/09/2018,A5419110207,90022081,2,492.65,14.878,299.2684
01/09/2018,A5419110208,90022081,2,396.38,11.9707,275.9162
01/09/2018,A5419110208,90022082,2,390.66,11.7979,275.9162
01/09/2018,A7119160103,90010046,69,741.31,22.3876,513.7602
01/09/2018,A7119160103,90023023,232,3014.79,74.4653,1727.4256
01/09/2018,A7119160103,90023030,53,702.44,17.3503,394.6274
01/09/2018,A7119160103,90012041,183,2097.81,61.2561,1362.5814
01/09/2018,A7119160103,90014141,19,232.74,6.4934,141.4702
01/09/2018,A7119160103,90005162,61,861.65,21.6274,454.1938
01/09/2018,A7119160103,90017059,31,366.06,11.6773,230.8198
01/09/2018,A7119160103,90007197,346,5230.25,130.7562,2576.2468
01/09/2018,A7119160103,90019203,8,94.66,3.3794,59.5664
01/09/2018,A7119160103,90021095,111,1465.35,33.8496,826.4838
01/09/2018,A7119160103,90022081,424,4798.56,144.9165,3157.0192
01/09/2018,A7119160103,90022082,420,4262.38,128.7239,3127.236
01/09/2018,A7119160102,90010046,22,189.24,5.715,158.939
01/09/2018,A7119160102,90023023,300,3934.5,97.1822,2167.35
01/09/2018,A7119160102,90023030,29,365.51,9.0281,209.5105
01/09/2018,A7119160102,90012041,37,402.77,11.7609,267.3065
01/09/2018,A7119160102,90014141,9,104.22,2.9077,65.0205
01/09/2018,A7119160102,90005162,15,183.45,4.6046,108.3675
01/09/2018,A7119160102,90017059,20,243.92,7.781,144.49
01/09/2018,A7119160102,90007197,567,8234.76,205.869,4096.2915
01/09/2018,A7119160102,90019203,6,64.36,2.2977,43.347
01/09/2018,A7119160102,90021095,32,397.99,9.1936,231.184
01/09/2018,A7119160102,90022081,992,10980.99,331.6259,7166.704
01/09/2018,A7119160102,90022082,212,2083.28,62.9151,1531.594
01/09/2018,A7118160101,90010046,23,230.66,6.9659,162.1155
01/09/2018,A7118160101,90023023,94,1269.47,31.3559,662.559
01/09/2018,A7118160101,90023030,87,1092.8,26.9922,613.2195
01/09/2018,A7118160101,90012041,97,1005.39,29.3574,683.7045
01/09/2018,A7118160101,90014141,19,202.72,5.6559,133.9215
01/09/2018,A7118160101,90005162,86,1002.08,25.1522,606.171
01/09/2018,A7118160101,90017059,18,205.81,6.5653,126.873
01/09/2018,A7118160101,90007197,182,2640.58,66.0145,1282.827
01/09/2018,A7118160101,90019203,9,105.74,3.7749,63.4365
01/09/2018,A7118160101,90021095,28,310.08,7.1628,197.358
01/09/2018,A7118160101,90022081,228,2391.42,72.2209,1607.058
01/09/2018,A7118160101,90022082,191,2102.59,63.4982,1346.2635
01/09/2018,A7219160201,90010046,14,156.72,4.7329,108.003
01/09/2018,A7219160201,90023023,365,4844.8,119.6666,2815.7925
01/09/2018,A7219160201,90023030,192,2499.6,61.7401,1481.184
01/09/2018,A7219160201,90012041,78,899.35,26.261,601.731
01/09/2018,A7219160201,90014141,6,72.15,2.013,46.287
01/09/2018,A7219160201,90005162,23,318.82,8.0024,177.4335
01/09/2018,A7219160201,90017059,11,142.07,4.532,84.8595
01/09/2018,A7219160201,90007197,439,6558.64,163.966,3386.6655
01/09/2018,A7219160201,90019203,7,76.7,2.7382,54.0015
01/09/2018,A7219160201,90021095,133,1633,37.7223,1026.0285
01/09/2018,A7219160201,90022081,454,5459.7,164.8829,3502.383
01/09/2018,A7219160201,90022082,307,3081.35,93.0568,2368.3515
01/09/2018,A6218160102,90010046,66,370.97,11.2033,263.6238
01/09/2018,A6218160102,90023023,226,1741.03,43.0034,902.7118
01/09/2018,A6218160102,90023030,44,338.54,8.3619,175.7492
01/09/2018,A6218160102,90012041,134,934.47,27.2865,535.2362
01/09/2018,A6218160102,90014141,17,109.14,3.045,67.9031
01/09/2018,A6218160102,90005162,80,635.11,15.9413,319.544
01/09/2018,A6218160102,90017059,21,143.07,4.5639,83.8803
01/09/2018,A6218160102,90007197,85,730.51,18.2628,339.5155
01/09/2018,A6218160102,90019203,8,53.47,1.9089,31.9544
01/09/2018,A6218160102,90021095,99,711.99,16.447,395.4357
01/09/2018,A6218160102,90022081,736,4443.38,134.1901,2939.8048
01/09/2018,A6218160102,90022082,181,1143.08,34.521,722.9683
01/09/2018,A6218160101,90010046,64,321.9,9.7214,229.1456
01/09/2018,A6218160101,90023023,212,1568.8,38.7494,759.0448
01/09/2018,A6218160101,90023030,118,755.59,18.6631,422.4872
01/09/2018,A6218160101,90012041,24,144.34,4.2147,85.9296
01/09/2018,A6218160101,90014141,13,78.04,2.1773,46.5452
01/09/2018,A6218160101,90005162,38,247.89,6.222,136.0552
01/09/2018,A6218160101,90017059,42,244.53,7.8005,150.3768
01/09/2018,A6218160101,90007197,221,1562.29,39.0572,791.2684
01/09/2018,A6218160101,90019203,3,17.2,0.614,10.7412
01/09/2018,A6218160101,90021095,87,489.13,11.2989,311.4948
01/09/2018,A6218160101,90022081,136,711.97,21.5015,486.9344
01/09/2018,A6218160101,90022082,528,2862.38,86.4439,1890.4512
01/09/2018,A6219160103,90010046,40,210.66,6.3619,166.164
01/09/2018,A6219160103,90023023,100,711.99,17.5862,415.41
01/09/2018,A6219160103,90023030,159,1141.72,28.2005,660.5019
01/09/2018,A6219160103,90012041,70,404.94,11.8242,290.787
01/09/2018,A6219160103,90014141,15,93.83,2.6179,62.3115
01/09/2018,A6219160103,90005162,20,143.93,3.6126,83.082
01/09/2018,A6219160103,90017059,29,183.74,5.8613,120.4689
01/09/2018,A6219160103,90007197,387,3068.88,76.722,1607.6367
01/09/2018,A6219160103,90019203,3,19.61,0.7001,12.4623
01/09/2018,A6219160103,90021095,27,177.81,4.1074,112.1607
01/09/2018,A6219160103,90022081,266,1474.69,44.5356,1104.9906
01/09/2018,A6219160103,90022082,142,852.2,25.7364,589.8822
01/09/2018,A6319160203,90010046,49,324.65,9.8044,246.4994
01/09/2018,A6319160203,90023023,99,856.22,21.1486,498.0294
01/09/2018,A6319160203,90023030,36,314.3,7.7632,181.1016
01/09/2018,A6319160203,90012041,69,511.28,14.9294,347.1114
01/09/2018,A6319160203,90014141,4,31.81,0.8875,20.1224
01/09/2018,A6319160203,90005162,71,641.62,16.1047,357.1726
01/09/2018,A6319160203,90017059,16,137.74,4.3939,80.4896
01/09/2018,A6319160203,90007197,468,4512.96,112.824,2354.3208
01/09/2018,A6319160203,90019203,6,45.41,1.6211,30.1836
01/09/2018,A6319160203,90021095,88,733.59,16.9459,442.6928
01/09/2018,A6319160203,90022081,593,4688.38,141.5891,2983.1458
01/09/2018,A6319160203,90022082,227,1746.37,52.7404,1141.9462
01/09/2018,A6319160201,90010046,47,297.28,8.9779,207.6742
01/09/2018,A6319160201,90023023,324,2767.61,68.36,1431.6264
01/09/2018,A6319160201,90023030,55,413.17,10.2053,243.023
01/09/2018,A6319160201,90012041,51,351.14,10.2533,225.3486
01/09/2018,A6319160201,90014141,3,20.82,0.5809,13.2558
01/09/2018,A6319160201,90005162,12,91.23,2.2899,53.0232
01/09/2018,A6319160201,90017059,32,236.73,7.5517,141.3952
01/09/2018,A6319160201,90007197,319,2913.33,72.8332,1409.5334
01/09/2018,A6319160201,90021095,108,766.52,17.7066,477.2088
01/09/2018,A6319160201,90022081,691,4469.96,134.9928,3053.2526
01/09/2018,A6319160201,90022082,259,1604.43,48.4538,1144.4174
01/09/2018,A6319160202,90010046,23,169.2,5.1098,112.562
01/09/2018,A6319160202,90023023,157,1427.49,35.259,768.358
01/09/2018,A6319160202,90023030,44,370.2,9.1439,215.336
01/09/2018,A6319160202,90012041,96,761.22,22.2276,469.824
01/09/2018,A6319160202,90014141,11,94.03,2.6234,53.834
01/09/2018,A6319160202,90005162,11,91.62,2.2997,53.834
01/09/2018,A6319160202,90017059,25,202.87,6.4716,122.35
01/09/2018,A6319160202,90007197,126,1316.94,32.9235,616.644
01/09/2018,A6319160202,90019203,7,55.25,1.9724,34.258
01/09/2018,A6319160202,90021095,81,730.36,16.8713,396.414
01/09/2018,A6319160202,90022081,832,6381.06,192.708,4071.808
01/09/2018,A6319160202,90022082,129,918.72,27.7453,631.326
01/09/2018,A6319160201,90019203,1,6.77,0.2417,4.4186
01/09/2018,A4118110106,90010046,1,60.48,1.8265,47.726
01/09/2018,A4118110106,90023030,1,83.11,2.0528,47.726
01/09/2018,A4118110106,90017059,1,71.99,2.2965,47.726
01/09/2018,A4118110107,90010046,1,71.29,2.153,46.3871
01/09/2018,A4118110107,90012041,1,77.86,2.2735,46.3871
01/09/2018,A4118110107,90005162,1,91.1,2.2866,46.3871
01/09/2018,A4118110107,90017059,1,75.5,2.4084,46.3871
01/09/2018,A4118110107,90021095,1,72.94,1.6849,46.3871
01/09/2018,A4118110105,90010046,1,61.97,1.8715,48.107
01/09/2018,A4118110105,90023030,1,89.65,2.2144,48.107
